Entidad,Codigo,Año,PIB
 Aguascalientes,MX-AGU,1980,51050.023
 Aguascalientes,MX-AGU,1981,56736.416
 Aguascalientes,MX-AGU,1982,56979.213
 Aguascalientes,MX-AGU,1983,54117.817
 Aguascalientes,MX-AGU,1984,56629.523
 Aguascalientes,MX-AGU,1985,58345.34
 Aguascalientes,MX-AGU,1986,56099.612
 Aguascalientes,MX-AGU,1987,58004.39
 Aguascalientes,MX-AGU,1988,59456.243
 Aguascalientes,MX-AGU,1989,62597.432
 Aguascalientes,MX-AGU,1990,67270.804
 Aguascalientes,MX-AGU,1991,71286.017
 Aguascalientes,MX-AGU,1992,75458.502
 Aguascalientes,MX-AGU,1993,78821.334
 Aguascalientes,MX-AGU,1994,84039.101
 Aguascalientes,MX-AGU,1995,79981.875
 Aguascalientes,MX-AGU,1996,86064.115
 Aguascalientes,MX-AGU,1997,92366.44
 Aguascalientes,MX-AGU,1998,98170.594
 Aguascalientes,MX-AGU,1999,100207.735
 Aguascalientes,MX-AGU,2000,108890.9
 Aguascalientes,MX-AGU,2001,114591.238
 Aguascalientes,MX-AGU,2002,119944.925
 Aguascalientes,MX-AGU,2003,121197.634
 Aguascalientes,MX-AGU,2004,126554.147
 Aguascalientes,MX-AGU,2005,129628.028
 Aguascalientes,MX-AGU,2006,138111.823
 Aguascalientes,MX-AGU,2007,150305.117
 Aguascalientes,MX-AGU,2008,150949.983
 Aguascalientes,MX-AGU,2009,143253.947
 Aguascalientes,MX-AGU,2010,152205.212
 Aguascalientes,MX-AGU,2011,158934.494
 Aguascalientes,MX-AGU,2012,167705.967
 Aguascalientes,MX-AGU,2013,172820.491
 Aguascalientes,MX-AGU,2014,190482.862
 Aguascalientes,MX-AGU,2015,198220.641
 Aguascalientes,MX-AGU,2016,211672.469
 Aguascalientes,MX-AGU,2017,216705.56
 Aguascalientes,MX-AGU,2018,224891.592
 Aguascalientes,MX-AGU,2019,222456.2
 Aguascalientes,MX-AGU,2020,204142.637
 Baja California,MX-BCN,1980,229942.179
 Baja California,MX-BCN,1981,258615.932
 Baja California,MX-BCN,1982,256557.457
 Baja California,MX-BCN,1983,235110.403
 Baja California,MX-BCN,1984,245662.548
 Baja California,MX-BCN,1985,252321.24
 Baja California,MX-BCN,1986,233909.682
 Baja California,MX-BCN,1987,240027.262
 Baja California,MX-BCN,1988,242521.823
 Baja California,MX-BCN,1989,253361.837
 Baja California,MX-BCN,1990,270372.784
 Baja California,MX-BCN,1991,282476.133
 Baja California,MX-BCN,1992,296287.752
 Baja California,MX-BCN,1993,296855.975
 Baja California,MX-BCN,1994,318820.525
 Baja California,MX-BCN,1995,287509.774
 Baja California,MX-BCN,1996,324610.807
 Baja California,MX-BCN,1997,365666.722
 Baja California,MX-BCN,1998,381411.846
 Baja California,MX-BCN,1999,415391.383
 Baja California,MX-BCN,2000,455085.842
 Baja California,MX-BCN,2001,421171.429
 Baja California,MX-BCN,2002,403358.667
 Baja California,MX-BCN,2003,399514.624
 Baja California,MX-BCN,2004,423005.499
 Baja California,MX-BCN,2005,433008.166
 Baja California,MX-BCN,2006,456019.296
 Baja California,MX-BCN,2007,461581.274
 Baja California,MX-BCN,2008,457556.565
 Baja California,MX-BCN,2009,407745.948
 Baja California,MX-BCN,2010,428162.546
 Baja California,MX-BCN,2011,440700.662
 Baja California,MX-BCN,2012,456024.472
 Baja California,MX-BCN,2013,465524.695
 Baja California,MX-BCN,2014,478121.939
 Baja California,MX-BCN,2015,511459.528
 Baja California,MX-BCN,2016,535552.651
 Baja California,MX-BCN,2017,553327.213
 Baja California,MX-BCN,2018,566045.913
 Baja California,MX-BCN,2019,575342.251
 Baja California,MX-BCN,2020,553945.092
 Baja California Sur,MX-BCS,1980,39414.131
 Baja California Sur,MX-BCS,1981,42964.061
 Baja California Sur,MX-BCS,1982,43253.075
 Baja California Sur,MX-BCS,1983,42389.852
 Baja California Sur,MX-BCS,1984,44035.869
 Baja California Sur,MX-BCS,1985,45142.457
 Baja California Sur,MX-BCS,1986,44483.735
 Baja California Sur,MX-BCS,1987,45654.557
 Baja California Sur,MX-BCS,1988,46471.781
 Baja California Sur,MX-BCS,1989,48564.416
 Baja California Sur,MX-BCS,1990,50534.535
 Baja California Sur,MX-BCS,1991,53003.981
 Baja California Sur,MX-BCS,1992,55014.746
 Baja California Sur,MX-BCS,1993,53308.873
 Baja California Sur,MX-BCS,1994,55071.758
 Baja California Sur,MX-BCS,1995,52488.115
 Baja California Sur,MX-BCS,1996,59339.132
 Baja California Sur,MX-BCS,1997,62057.217
 Baja California Sur,MX-BCS,1998,63729.203
 Baja California Sur,MX-BCS,1999,65806.118
 Baja California Sur,MX-BCS,2000,70288.262
 Baja California Sur,MX-BCS,2001,74110.685
 Baja California Sur,MX-BCS,2002,72051.719
 Baja California Sur,MX-BCS,2003,76047.593
 Baja California Sur,MX-BCS,2004,81546.009
 Baja California Sur,MX-BCS,2005,87397.67
 Baja California Sur,MX-BCS,2006,93655.622
 Baja California Sur,MX-BCS,2007,106199.426
 Baja California Sur,MX-BCS,2008,108975.356
 Baja California Sur,MX-BCS,2009,108338.811
 Baja California Sur,MX-BCS,2010,110656.4
 Baja California Sur,MX-BCS,2011,114707.762
 Baja California Sur,MX-BCS,2012,117345.833
 Baja California Sur,MX-BCS,2013,115027.644
 Baja California Sur,MX-BCS,2014,116027.018
 Baja California Sur,MX-BCS,2015,130520.642
 Baja California Sur,MX-BCS,2016,133948.675
 Baja California Sur,MX-BCS,2017,148376.63
 Baja California Sur,MX-BCS,2018,173200.594
 Baja California Sur,MX-BCS,2019,158953.105
 Baja California Sur,MX-BCS,2020,121577.942
 Campeche,MX-CAM,1980,542396.819
 Campeche,MX-CAM,1981,595780.815
 Campeche,MX-CAM,1982,594255.25
 Campeche,MX-CAM,1983,554293.697
 Campeche,MX-CAM,1984,579164.673
 Campeche,MX-CAM,1985,601092.586
 Campeche,MX-CAM,1986,581798.267
 Campeche,MX-CAM,1987,605379.998
 Campeche,MX-CAM,1988,624535.466
 Campeche,MX-CAM,1989,653135.266
 Campeche,MX-CAM,1990,690654.731
 Campeche,MX-CAM,1991,714288.515
 Campeche,MX-CAM,1992,736338.215
 Campeche,MX-CAM,1993,730785.341
 Campeche,MX-CAM,1994,768664.4
 Campeche,MX-CAM,1995,714015.473
 Campeche,MX-CAM,1996,786152.75
 Campeche,MX-CAM,1997,831426.013
 Campeche,MX-CAM,1998,859550.754
 Campeche,MX-CAM,1999,814347.763
 Campeche,MX-CAM,2000,877296.285
 Campeche,MX-CAM,2001,943038.048
 Campeche,MX-CAM,2002,967396.155
 Campeche,MX-CAM,2003,1047511.322
 Campeche,MX-CAM,2004,1059561.025
 Campeche,MX-CAM,2005,1038533.775
 Campeche,MX-CAM,2006,1014280.35
 Campeche,MX-CAM,2007,947575.493
 Campeche,MX-CAM,2008,867231.044
 Campeche,MX-CAM,2009,780757.429
 Campeche,MX-CAM,2010,753968.591
 Campeche,MX-CAM,2011,726503.856
 Campeche,MX-CAM,2012,714787.065
 Campeche,MX-CAM,2013,721085.063
 Campeche,MX-CAM,2014,685981.27
 Campeche,MX-CAM,2015,637604.643
 Campeche,MX-CAM,2016,600612.272
 Campeche,MX-CAM,2017,537882.577
 Campeche,MX-CAM,2018,529465.695
 Campeche,MX-CAM,2019,517311.384
 Campeche,MX-CAM,2020,482973.093
 Coahuila,MX-COA,1980,219067.806
 Coahuila,MX-COA,1981,241828.319
 Coahuila,MX-COA,1982,241631.083
 Coahuila,MX-COA,1983,225983.348
 Coahuila,MX-COA,1984,235373.779
 Coahuila,MX-COA,1985,242067.927
 Coahuila,MX-COA,1986,228765.38
 Coahuila,MX-COA,1987,234191.431
 Coahuila,MX-COA,1988,236249.033
 Coahuila,MX-COA,1989,243838.215
 Coahuila,MX-COA,1990,257556.576
 Coahuila,MX-COA,1991,266441.675
 Coahuila,MX-COA,1992,279929.15
 Coahuila,MX-COA,1993,286710.092
 Coahuila,MX-COA,1994,294702.735
 Coahuila,MX-COA,1995,284769.974
 Coahuila,MX-COA,1996,330610.496
 Coahuila,MX-COA,1997,360438.497
 Coahuila,MX-COA,1998,378684.481
 Coahuila,MX-COA,1999,388356.652
 Coahuila,MX-COA,2000,397554.62
 Coahuila,MX-COA,2001,396830.364
 Coahuila,MX-COA,2002,417873.637
 Coahuila,MX-COA,2003,436573.518
 Coahuila,MX-COA,2004,449143.882
 Coahuila,MX-COA,2005,458867.907
 Coahuila,MX-COA,2006,480488.194
 Coahuila,MX-COA,2007,500478.657
 Coahuila,MX-COA,2008,498326.775
 Coahuila,MX-COA,2009,421327.489
 Coahuila,MX-COA,2010,489951.776
 Coahuila,MX-COA,2011,523207.112
 Coahuila,MX-COA,2012,549551.802
 Coahuila,MX-COA,2013,538206.987
 Coahuila,MX-COA,2014,559217.153
 Coahuila,MX-COA,2015,563928.44
 Coahuila,MX-COA,2016,572243.615
 Coahuila,MX-COA,2017,601722.052
 Coahuila,MX-COA,2018,608138.802
 Coahuila,MX-COA,2019,603930.571
 Coahuila,MX-COA,2020,535373.609
 Colima,MX-COL,1980,40469.62
 Colima,MX-COL,1981,43797.41
 Colima,MX-COL,1982,44229.693
 Colima,MX-COL,1983,43266.894
 Colima,MX-COL,1984,44839.682
 Colima,MX-COL,1985,46094.437
 Colima,MX-COL,1986,45445.723
 Colima,MX-COL,1987,46659.728
 Colima,MX-COL,1988,47505.788
 Colima,MX-COL,1989,48974.873
 Colima,MX-COL,1990,51046.342
 Colima,MX-COL,1991,52570.582
 Colima,MX-COL,1992,53794.816
 Colima,MX-COL,1993,54992.859
 Colima,MX-COL,1994,57637.295
 Colima,MX-COL,1995,54388.113
 Colima,MX-COL,1996,58769.069
 Colima,MX-COL,1997,61382.29
 Colima,MX-COL,1998,65627.486
 Colima,MX-COL,1999,67779.863
 Colima,MX-COL,2000,70350.253
 Colima,MX-COL,2001,68942.619
 Colima,MX-COL,2002,69517.793
 Colima,MX-COL,2003,67732.93
 Colima,MX-COL,2004,67794.051
 Colima,MX-COL,2005,68258.171
 Colima,MX-COL,2006,72533.785
 Colima,MX-COL,2007,77526.37
 Colima,MX-COL,2008,78953.717
 Colima,MX-COL,2009,76446.9
 Colima,MX-COL,2010,81992.178
 Colima,MX-COL,2011,87944.969
 Colima,MX-COL,2012,90540.289
 Colima,MX-COL,2013,91422.446
 Colima,MX-COL,2014,93703.258
 Colima,MX-COL,2015,95878.066
 Colima,MX-COL,2016,98576.211
 Colima,MX-COL,2017,102039.429
 Colima,MX-COL,2018,105031.03
 Colima,MX-COL,2019,109109.572
 Colima,MX-COL,2020,101068.064
 Chiapas,MX-CHP,1980,158583.479
 Chiapas,MX-CHP,1981,168173.703
 Chiapas,MX-CHP,1982,169465.737
 Chiapas,MX-CHP,1983,167419.892
 Chiapas,MX-CHP,1984,172198.568
 Chiapas,MX-CHP,1985,175893.777
 Chiapas,MX-CHP,1986,175120.902
 Chiapas,MX-CHP,1987,179222.293
 Chiapas,MX-CHP,1988,182733.634
 Chiapas,MX-CHP,1989,188302.393
 Chiapas,MX-CHP,1990,195398.298
 Chiapas,MX-CHP,1991,201552.118
 Chiapas,MX-CHP,1992,208280.725
 Chiapas,MX-CHP,1993,215671.848
 Chiapas,MX-CHP,1994,225182.024
 Chiapas,MX-CHP,1995,222272.256
 Chiapas,MX-CHP,1996,222047.875
 Chiapas,MX-CHP,1997,228803.301
 Chiapas,MX-CHP,1998,241046.14
 Chiapas,MX-CHP,1999,240606.481
 Chiapas,MX-CHP,2000,244415.791
 Chiapas,MX-CHP,2001,242582.033
 Chiapas,MX-CHP,2002,246213.434
 Chiapas,MX-CHP,2003,248123.227
 Chiapas,MX-CHP,2004,238375.89
 Chiapas,MX-CHP,2005,240279.559
 Chiapas,MX-CHP,2006,248414.302
 Chiapas,MX-CHP,2007,252536.304
 Chiapas,MX-CHP,2008,258289.89
 Chiapas,MX-CHP,2009,256698.362
 Chiapas,MX-CHP,2010,270989.331
 Chiapas,MX-CHP,2011,279446.584
 Chiapas,MX-CHP,2012,284733.625
 Chiapas,MX-CHP,2013,280925.273
 Chiapas,MX-CHP,2014,294029.165
 Chiapas,MX-CHP,2015,287811.831
 Chiapas,MX-CHP,2016,287034.269
 Chiapas,MX-CHP,2017,277580.835
 Chiapas,MX-CHP,2018,267664.128
 Chiapas,MX-CHP,2019,261697.349
 Chiapas,MX-CHP,2020,251650.751
 Chihuahua,MX-CHH,1980,194350.901
 Chihuahua,MX-CHH,1981,215240.912
 Chihuahua,MX-CHH,1982,214385.387
 Chihuahua,MX-CHH,1983,202765.056
 Chihuahua,MX-CHH,1984,210612.501
 Chihuahua,MX-CHH,1985,215674.673
 Chihuahua,MX-CHH,1986,204714.651
 Chihuahua,MX-CHH,1987,209071.117
 Chihuahua,MX-CHH,1988,210063.408
 Chihuahua,MX-CHH,1989,216760.476
 Chihuahua,MX-CHH,1990,229909.605
 Chihuahua,MX-CHH,1991,238837.493
 Chihuahua,MX-CHH,1992,248005.58
 Chihuahua,MX-CHH,1993,257785.867
 Chihuahua,MX-CHH,1994,270448.527
 Chihuahua,MX-CHH,1995,259416.919
 Chihuahua,MX-CHH,1996,282452.432
 Chihuahua,MX-CHH,1997,301129.442
 Chihuahua,MX-CHH,1998,325664.506
 Chihuahua,MX-CHH,1999,344552.341
 Chihuahua,MX-CHH,2000,373480.372
 Chihuahua,MX-CHH,2001,356095.213
 Chihuahua,MX-CHH,2002,351167.407
 Chihuahua,MX-CHH,2003,360426.663
 Chihuahua,MX-CHH,2004,376662.637
 Chihuahua,MX-CHH,2005,389210.794
 Chihuahua,MX-CHH,2006,419631.539
 Chihuahua,MX-CHH,2007,434649.92
 Chihuahua,MX-CHH,2008,440792.887
 Chihuahua,MX-CHH,2009,401079.179
 Chihuahua,MX-CHH,2010,417796.42
 Chihuahua,MX-CHH,2011,427430.027
 Chihuahua,MX-CHH,2012,459166.22
 Chihuahua,MX-CHH,2013,476290.197
 Chihuahua,MX-CHH,2014,485693.517
 Chihuahua,MX-CHH,2015,510642.914
 Chihuahua,MX-CHH,2016,534205.546
 Chihuahua,MX-CHH,2017,551497.303
 Chihuahua,MX-CHH,2018,564077.669
 Chihuahua,MX-CHH,2019,572966.871
 Chihuahua,MX-CHH,2020,539293.544
 Ciudad de Mexico,MX-CMX,1980,1361498.89
 Ciudad de Mexico,MX-CMX,1981,1505497.279
 Ciudad de Mexico,MX-CMX,1982,1501945.294
 Ciudad de Mexico,MX-CMX,1983,1444046.962
 Ciudad de Mexico,MX-CMX,1984,1485535.797
 Ciudad de Mexico,MX-CMX,1985,1482818.224
 Ciudad de Mexico,MX-CMX,1986,1410037.504
 Ciudad de Mexico,MX-CMX,1987,1414248.018
 Ciudad de Mexico,MX-CMX,1988,1414438.721
 Ciudad de Mexico,MX-CMX,1989,1466418.201
 Ciudad de Mexico,MX-CMX,1990,1536976.329
 Ciudad de Mexico,MX-CMX,1991,1613847.414
 Ciudad de Mexico,MX-CMX,1992,1669043.582
 Ciudad de Mexico,MX-CMX,1993,1760340.994
 Ciudad de Mexico,MX-CMX,1994,1836600.359
 Ciudad de Mexico,MX-CMX,1995,1719524.38
 Ciudad de Mexico,MX-CMX,1996,1794773.887
 Ciudad de Mexico,MX-CMX,1997,1923601.551
 Ciudad de Mexico,MX-CMX,1998,1983658.151
 Ciudad de Mexico,MX-CMX,1999,2048504.996
 Ciudad de Mexico,MX-CMX,2000,2176137.703
 Ciudad de Mexico,MX-CMX,2001,2148632.068
 Ciudad de Mexico,MX-CMX,2002,2167891.34
 Ciudad de Mexico,MX-CMX,2003,2132929.372
 Ciudad de Mexico,MX-CMX,2004,2226949.736
 Ciudad de Mexico,MX-CMX,2005,2258091.583
 Ciudad de Mexico,MX-CMX,2006,2374722.886
 Ciudad de Mexico,MX-CMX,2007,2408565.865
 Ciudad de Mexico,MX-CMX,2008,2450391.202
 Ciudad de Mexico,MX-CMX,2009,2362516.439
 Ciudad de Mexico,MX-CMX,2010,2446910.439
 Ciudad de Mexico,MX-CMX,2011,2533806.893
 Ciudad de Mexico,MX-CMX,2012,2633934.642
 Ciudad de Mexico,MX-CMX,2013,2673066.331
 Ciudad de Mexico,MX-CMX,2014,2748551.988
 Ciudad de Mexico,MX-CMX,2015,2869792.908
 Ciudad de Mexico,MX-CMX,2016,2957233.594
 Ciudad de Mexico,MX-CMX,2017,3045539.859
 Ciudad de Mexico,MX-CMX,2018,3126459.566
 Ciudad de Mexico,MX-CMX,2019,3133078.905
 Ciudad de Mexico,MX-CMX,2020,2848733.731
 Durango,MX-DUR,1980,90959.968
 Durango,MX-DUR,1981,98389.172
 Durango,MX-DUR,1982,97917.69
 Durango,MX-DUR,1983,94055.558
 Durango,MX-DUR,1984,96762.761
 Durango,MX-DUR,1985,98520.791
 Durango,MX-DUR,1986,95461.969
 Durango,MX-DUR,1987,97371.556
 Durango,MX-DUR,1988,98504.613
 Durango,MX-DUR,1989,101602.066
 Durango,MX-DUR,1990,106268.916
 Durango,MX-DUR,1991,109644.65
 Durango,MX-DUR,1992,112008.293
 Durango,MX-DUR,1993,114416.09
 Durango,MX-DUR,1994,120560.406
 Durango,MX-DUR,1995,115479.546
 Durango,MX-DUR,1996,122261.912
 Durango,MX-DUR,1997,126914.513
 Durango,MX-DUR,1998,136337.463
 Durango,MX-DUR,1999,136602.066
 Durango,MX-DUR,2000,138068.244
 Durango,MX-DUR,2001,143477.073
 Durango,MX-DUR,2002,144577.96
 Durango,MX-DUR,2003,152922.727
 Durango,MX-DUR,2004,157662.281
 Durango,MX-DUR,2005,155001.886
 Durango,MX-DUR,2006,160388.081
 Durango,MX-DUR,2007,162709.802
 Durango,MX-DUR,2008,165722.989
 Durango,MX-DUR,2009,163083.647
 Durango,MX-DUR,2010,169268.084
 Durango,MX-DUR,2011,176314.713
 Durango,MX-DUR,2012,182943.056
 Durango,MX-DUR,2013,189052.812
 Durango,MX-DUR,2014,192968.629
 Durango,MX-DUR,2015,192888.101
 Durango,MX-DUR,2016,200660.962
 Durango,MX-DUR,2017,199559.31
 Durango,MX-DUR,2018,202272.029
 Durango,MX-DUR,2019,204061.056
 Durango,MX-DUR,2020,190239.04
 Guanajuato,MX-GUA,1980,227935.25
 Guanajuato,MX-GUA,1981,250563.942
 Guanajuato,MX-GUA,1982,251216.458
 Guanajuato,MX-GUA,1983,241187.661
 Guanajuato,MX-GUA,1984,250259.679
 Guanajuato,MX-GUA,1985,255789.676
 Guanajuato,MX-GUA,1986,246924.709
 Guanajuato,MX-GUA,1987,252722.158
 Guanajuato,MX-GUA,1988,256326.177
 Guanajuato,MX-GUA,1989,266019.917
 Guanajuato,MX-GUA,1990,280580.668
 Guanajuato,MX-GUA,1991,291809.824
 Guanajuato,MX-GUA,1992,301553.167
 Guanajuato,MX-GUA,1993,311369.97
 Guanajuato,MX-GUA,1994,324348.058
 Guanajuato,MX-GUA,1995,312602.564
 Guanajuato,MX-GUA,1996,333015.01
 Guanajuato,MX-GUA,1997,353328.823
 Guanajuato,MX-GUA,1998,377816.534
 Guanajuato,MX-GUA,1999,383909.773
 Guanajuato,MX-GUA,2000,405974.608
 Guanajuato,MX-GUA,2001,408016.988
 Guanajuato,MX-GUA,2002,426071.079
 Guanajuato,MX-GUA,2003,438354.387
 Guanajuato,MX-GUA,2004,450953.155
 Guanajuato,MX-GUA,2005,454625.559
 Guanajuato,MX-GUA,2006,477646.929
 Guanajuato,MX-GUA,2007,488729.604
 Guanajuato,MX-GUA,2008,503024.423
 Guanajuato,MX-GUA,2009,481674.906
 Guanajuato,MX-GUA,2010,517168.681
 Guanajuato,MX-GUA,2011,548163.17
 Guanajuato,MX-GUA,2012,570921.987
 Guanajuato,MX-GUA,2013,594575.532
 Guanajuato,MX-GUA,2014,620084.804
 Guanajuato,MX-GUA,2015,653849.926
 Guanajuato,MX-GUA,2016,673328.294
 Guanajuato,MX-GUA,2017,704179.453
 Guanajuato,MX-GUA,2018,713090.078
 Guanajuato,MX-GUA,2019,701853.083
 Guanajuato,MX-GUA,2020,652735.713
 Guerrero,MX-GRO,1980,139151.313
 Guerrero,MX-GRO,1981,145785.434
 Guerrero,MX-GRO,1982,146456.51
 Guerrero,MX-GRO,1983,144558.66
 Guerrero,MX-GRO,1984,147364.405
 Guerrero,MX-GRO,1985,149342.372
 Guerrero,MX-GRO,1986,147618.938
 Guerrero,MX-GRO,1987,149621.937
 Guerrero,MX-GRO,1988,150968.147
 Guerrero,MX-GRO,1989,153964.434
 Guerrero,MX-GRO,1990,158709.131
 Guerrero,MX-GRO,1991,162577.221
 Guerrero,MX-GRO,1992,165304.512
 Guerrero,MX-GRO,1993,165480.86
 Guerrero,MX-GRO,1994,175171.743
 Guerrero,MX-GRO,1995,164039.448
 Guerrero,MX-GRO,1996,168580.751
 Guerrero,MX-GRO,1997,173317.707
 Guerrero,MX-GRO,1998,180088.639
 Guerrero,MX-GRO,1999,182253.978
 Guerrero,MX-GRO,2000,184156.398
 Guerrero,MX-GRO,2001,185463.865
 Guerrero,MX-GRO,2002,184012.581
 Guerrero,MX-GRO,2003,182713.981
 Guerrero,MX-GRO,2004,192557.837
 Guerrero,MX-GRO,2005,195219.889
 Guerrero,MX-GRO,2006,199540.65
 Guerrero,MX-GRO,2007,204879.83
 Guerrero,MX-GRO,2008,208284.821
 Guerrero,MX-GRO,2009,201239.316
 Guerrero,MX-GRO,2010,211890.535
 Guerrero,MX-GRO,2011,214478.174
 Guerrero,MX-GRO,2012,218118.481
 Guerrero,MX-GRO,2013,218811.378
 Guerrero,MX-GRO,2014,227659.005
 Guerrero,MX-GRO,2015,229580.566
 Guerrero,MX-GRO,2016,234185.03
 Guerrero,MX-GRO,2017,234094.182
 Guerrero,MX-GRO,2018,240685.982
 Guerrero,MX-GRO,2019,240754.788
 Guerrero,MX-GRO,2020,216996.943
 Hidalgo,MX-HID,1980,113570.475
 Hidalgo,MX-HID,1981,123728.168
 Hidalgo,MX-HID,1982,124113.065
 Hidalgo,MX-HID,1983,119358.1
 Hidalgo,MX-HID,1984,123578.637
 Hidalgo,MX-HID,1985,126596.76
 Hidalgo,MX-HID,1986,122854.54
 Hidalgo,MX-HID,1987,125801.434
 Hidalgo,MX-HID,1988,127642.848
 Hidalgo,MX-HID,1989,131979.421
 Hidalgo,MX-HID,1990,139043.934
 Hidalgo,MX-HID,1991,144872.855
 Hidalgo,MX-HID,1992,150770.647
 Hidalgo,MX-HID,1993,154946.229
 Hidalgo,MX-HID,1994,159184.241
 Hidalgo,MX-HID,1995,138608.71
 Hidalgo,MX-HID,1996,154443.419
 Hidalgo,MX-HID,1997,160529.72
 Hidalgo,MX-HID,1998,175554.391
 Hidalgo,MX-HID,1999,177904.424
 Hidalgo,MX-HID,2000,181839.607
 Hidalgo,MX-HID,2001,179798.181
 Hidalgo,MX-HID,2002,179047.723
 Hidalgo,MX-HID,2003,179553.378
 Hidalgo,MX-HID,2004,191549.579
 Hidalgo,MX-HID,2005,190073.779
 Hidalgo,MX-HID,2006,195404.535
 Hidalgo,MX-HID,2007,201655.418
 Hidalgo,MX-HID,2008,208800.335
 Hidalgo,MX-HID,2009,195581.126
 Hidalgo,MX-HID,2010,206303.584
 Hidalgo,MX-HID,2011,214569.188
 Hidalgo,MX-HID,2012,222797.005
 Hidalgo,MX-HID,2013,230982.767
 Hidalgo,MX-HID,2014,243064.784
 Hidalgo,MX-HID,2015,258695.052
 Hidalgo,MX-HID,2016,268833.622
 Hidalgo,MX-HID,2017,270118.073
 Hidalgo,MX-HID,2018,276996.193
 Hidalgo,MX-HID,2019,272661.54
 Hidalgo,MX-HID,2020,242824.944
 Jalisco,MX-JAL,1980,506057.736
 Jalisco,MX-JAL,1981,553579.081
 Jalisco,MX-JAL,1982,553396.75
 Jalisco,MX-JAL,1983,528016.231
 Jalisco,MX-JAL,1984,546213.109
 Jalisco,MX-JAL,1985,557080.357
 Jalisco,MX-JAL,1986,536270.037
 Jalisco,MX-JAL,1987,547525.728
 Jalisco,MX-JAL,1988,554367.448
 Jalisco,MX-JAL,1989,573268.198
 Jalisco,MX-JAL,1990,601299.742
 Jalisco,MX-JAL,1991,622365.431
 Jalisco,MX-JAL,1992,641685.005
 Jalisco,MX-JAL,1993,657579.346
 Jalisco,MX-JAL,1994,681207.2
 Jalisco,MX-JAL,1995,625082.763
 Jalisco,MX-JAL,1996,660456.829
 Jalisco,MX-JAL,1997,708779.99
 Jalisco,MX-JAL,1998,760051.433
 Jalisco,MX-JAL,1999,790148.874
 Jalisco,MX-JAL,2000,827464.12
 Jalisco,MX-JAL,2001,810364.844
 Jalisco,MX-JAL,2002,802784.099
 Jalisco,MX-JAL,2003,794957.322
 Jalisco,MX-JAL,2004,819238.31
 Jalisco,MX-JAL,2005,842128.813
 Jalisco,MX-JAL,2006,886009.726
 Jalisco,MX-JAL,2007,913139.834
 Jalisco,MX-JAL,2008,918573.456
 Jalisco,MX-JAL,2009,870319.1
 Jalisco,MX-JAL,2010,925371.837
 Jalisco,MX-JAL,2011,953148.056
 Jalisco,MX-JAL,2012,995285.999
 Jalisco,MX-JAL,2013,1018578.607
 Jalisco,MX-JAL,2014,1067256.762
 Jalisco,MX-JAL,2015,1104884.87
 Jalisco,MX-JAL,2016,1149129.548
 Jalisco,MX-JAL,2017,1176616.034
 Jalisco,MX-JAL,2018,1208076.022
 Jalisco,MX-JAL,2019,1216847.247
 Jalisco,MX-JAL,2020,1125369.55
 Mexico,MX-MEX,1980,627012.487
 Mexico,MX-MEX,1981,683842.912
 Mexico,MX-MEX,1982,683337.67
 Mexico,MX-MEX,1983,654966.823
 Mexico,MX-MEX,1984,675440.279
 Mexico,MX-MEX,1985,684397.272
 Mexico,MX-MEX,1986,658113.374
 Mexico,MX-MEX,1987,668796.199
 Mexico,MX-MEX,1988,675674.726
 Mexico,MX-MEX,1989,699639.151
 Mexico,MX-MEX,1990,734269.921
 Mexico,MX-MEX,1991,764049.222
 Mexico,MX-MEX,1992,789865.89
 Mexico,MX-MEX,1993,814132.738
 Mexico,MX-MEX,1994,845472.31
 Mexico,MX-MEX,1995,780739.76
 Mexico,MX-MEX,1996,849423.27
 Mexico,MX-MEX,1997,921089.1
 Mexico,MX-MEX,1998,967724.419
 Mexico,MX-MEX,1999,1003185.409
 Mexico,MX-MEX,2000,1061054.125
 Mexico,MX-MEX,2001,1066663.977
 Mexico,MX-MEX,2002,1048741.185
 Mexico,MX-MEX,2003,1048403.59
 Mexico,MX-MEX,2004,1073840.81
 Mexico,MX-MEX,2005,1099376.794
 Mexico,MX-MEX,2006,1150701.95
 Mexico,MX-MEX,2007,1184658.428
 Mexico,MX-MEX,2008,1198144.35
 Mexico,MX-MEX,2009,1138727.918
 Mexico,MX-MEX,2010,1226813.687
 Mexico,MX-MEX,2011,1283448.197
 Mexico,MX-MEX,2012,1339994.611
 Mexico,MX-MEX,2013,1365154.229
 Mexico,MX-MEX,2014,1402291.945
 Mexico,MX-MEX,2015,1445183.505
 Mexico,MX-MEX,2016,1485467.443
 Mexico,MX-MEX,2017,1556925.971
 Mexico,MX-MEX,2018,1608137.236
 Mexico,MX-MEX,2019,1580667.633
 Mexico,MX-MEX,2020,1487907.532
 Michoacan,MX-MIC,1980,170037.05
 Michoacan,MX-MIC,1981,182319.675
 Michoacan,MX-MIC,1982,184550.907
 Michoacan,MX-MIC,1983,181925.841
 Michoacan,MX-MIC,1984,188116.892
 Michoacan,MX-MIC,1985,192987.883
 Michoacan,MX-MIC,1986,191185.122
 Michoacan,MX-MIC,1987,196024.863
 Michoacan,MX-MIC,1988,199623.877
 Michoacan,MX-MIC,1989,205670.986
 Michoacan,MX-MIC,1990,214055.509
 Michoacan,MX-MIC,1991,220604.343
 Michoacan,MX-MIC,1992,225299.861
 Michoacan,MX-MIC,1993,225202.131
 Michoacan,MX-MIC,1994,240370.264
 Michoacan,MX-MIC,1995,235076.181
 Michoacan,MX-MIC,1996,245257.23
 Michoacan,MX-MIC,1997,271580.059
 Michoacan,MX-MIC,1998,273828.927
 Michoacan,MX-MIC,1999,290304.718
 Michoacan,MX-MIC,2000,295434.825
 Michoacan,MX-MIC,2001,288426.891
 Michoacan,MX-MIC,2002,284937.993
 Michoacan,MX-MIC,2003,294468.306
 Michoacan,MX-MIC,2004,301021.642
 Michoacan,MX-MIC,2005,306026.395
 Michoacan,MX-MIC,2006,320451.426
 Michoacan,MX-MIC,2007,328272.19
 Michoacan,MX-MIC,2008,334657.914
 Michoacan,MX-MIC,2009,317003.042
 Michoacan,MX-MIC,2010,329767.26
 Michoacan,MX-MIC,2011,343275.664
 Michoacan,MX-MIC,2012,352030.387
 Michoacan,MX-MIC,2013,359465.987
 Michoacan,MX-MIC,2014,379655.442
 Michoacan,MX-MIC,2015,386038.362
 Michoacan,MX-MIC,2016,402111.981
 Michoacan,MX-MIC,2017,414856.586
 Michoacan,MX-MIC,2018,424359.973
 Michoacan,MX-MIC,2019,424518.022
 Michoacan,MX-MIC,2020,395562.115
 Morelos,MX-MOR,1980,94761.085
 Morelos,MX-MOR,1981,102352.407
 Morelos,MX-MOR,1982,102342.388
 Morelos,MX-MOR,1983,98322.863
 Morelos,MX-MOR,1984,101540.739
 Morelos,MX-MOR,1985,103829.047
 Morelos,MX-MOR,1986,101000.251
 Morelos,MX-MOR,1987,103523.722
 Morelos,MX-MOR,1988,105304.879
 Morelos,MX-MOR,1989,108944.996
 Morelos,MX-MOR,1990,114155.974
 Morelos,MX-MOR,1991,117824.624
 Morelos,MX-MOR,1992,121265.965
 Morelos,MX-MOR,1993,125976.699
 Morelos,MX-MOR,1994,129202.366
 Morelos,MX-MOR,1995,114284.733
 Morelos,MX-MOR,1996,121778.69
 Morelos,MX-MOR,1997,129847.066
 Morelos,MX-MOR,1998,140497.352
 Morelos,MX-MOR,1999,147510.638
 Morelos,MX-MOR,2000,150129.836
 Morelos,MX-MOR,2001,155324.353
 Morelos,MX-MOR,2002,151225.17
 Morelos,MX-MOR,2003,158055.834
 Morelos,MX-MOR,2004,159734.875
 Morelos,MX-MOR,2005,171279.471
 Morelos,MX-MOR,2006,168177.81
 Morelos,MX-MOR,2007,169325.362
 Morelos,MX-MOR,2008,169672.507
 Morelos,MX-MOR,2009,168348.348
 Morelos,MX-MOR,2010,174984.467
 Morelos,MX-MOR,2011,174678.088
 Morelos,MX-MOR,2012,175717.837
 Morelos,MX-MOR,2013,182126.143
 Morelos,MX-MOR,2014,185662.448
 Morelos,MX-MOR,2015,187472.397
 Morelos,MX-MOR,2016,194412.078
 Morelos,MX-MOR,2017,203238.504
 Morelos,MX-MOR,2018,201316.454
 Morelos,MX-MOR,2019,201126.642
 Morelos,MX-MOR,2020,179024.606
 Nayarit,MX-NAY,1980,53013.261
 Nayarit,MX-NAY,1981,57468.978
 Nayarit,MX-NAY,1982,57691.591
 Nayarit,MX-NAY,1983,56284.613
 Nayarit,MX-NAY,1984,58025.224
 Nayarit,MX-NAY,1985,59071.768
 Nayarit,MX-NAY,1986,57563.038
 Nayarit,MX-NAY,1987,58681.246
 Nayarit,MX-NAY,1988,59353.06
 Nayarit,MX-NAY,1989,61366.541
 Nayarit,MX-NAY,1990,64805.681
 Nayarit,MX-NAY,1991,67813.359
 Nayarit,MX-NAY,1992,70780.361
 Nayarit,MX-NAY,1993,73131.897
 Nayarit,MX-NAY,1994,75590.71
 Nayarit,MX-NAY,1995,66390.735
 Nayarit,MX-NAY,1996,68038.843
 Nayarit,MX-NAY,1997,69126.635
 Nayarit,MX-NAY,1998,75088.907
 Nayarit,MX-NAY,1999,77290.972
 Nayarit,MX-NAY,2000,78547.341
 Nayarit,MX-NAY,2001,80899.113
 Nayarit,MX-NAY,2002,78930.714
 Nayarit,MX-NAY,2003,76105.196
 Nayarit,MX-NAY,2004,86879.422
 Nayarit,MX-NAY,2005,90269.847
 Nayarit,MX-NAY,2006,92165.697
 Nayarit,MX-NAY,2007,91675.276
 Nayarit,MX-NAY,2008,98292.89
 Nayarit,MX-NAY,2009,93038.497
 Nayarit,MX-NAY,2010,97786.134
 Nayarit,MX-NAY,2011,100704.16
 Nayarit,MX-NAY,2012,100800.218
 Nayarit,MX-NAY,2013,103627.459
 Nayarit,MX-NAY,2014,108986.732
 Nayarit,MX-NAY,2015,114062.999
 Nayarit,MX-NAY,2016,119473.243
 Nayarit,MX-NAY,2017,121000.114
 Nayarit,MX-NAY,2018,120639.992
 Nayarit,MX-NAY,2019,121043.518
 Nayarit,MX-NAY,2020,107297.24
 Nuevo Leon,MX-NLE,1980,381010.997
 Nuevo Leon,MX-NLE,1981,423892.619
 Nuevo Leon,MX-NLE,1982,425114.881
 Nuevo Leon,MX-NLE,1983,404003.994
 Nuevo Leon,MX-NLE,1984,421664.068
 Nuevo Leon,MX-NLE,1985,431473.521
 Nuevo Leon,MX-NLE,1986,413147.457
 Nuevo Leon,MX-NLE,1987,423751.743
 Nuevo Leon,MX-NLE,1988,431007.153
 Nuevo Leon,MX-NLE,1989,450380.777
 Nuevo Leon,MX-NLE,1990,477816.594
 Nuevo Leon,MX-NLE,1991,500770.535
 Nuevo Leon,MX-NLE,1992,522743.051
 Nuevo Leon,MX-NLE,1993,544561.159
 Nuevo Leon,MX-NLE,1994,576754.045
 Nuevo Leon,MX-NLE,1995,536276.359
 Nuevo Leon,MX-NLE,1996,570937.657
 Nuevo Leon,MX-NLE,1997,622671.299
 Nuevo Leon,MX-NLE,1998,669903.994
 Nuevo Leon,MX-NLE,1999,709152.631
 Nuevo Leon,MX-NLE,2000,756722.157
 Nuevo Leon,MX-NLE,2001,754129.608
 Nuevo Leon,MX-NLE,2002,772298.859
 Nuevo Leon,MX-NLE,2003,803888.528
 Nuevo Leon,MX-NLE,2004,849841.554
 Nuevo Leon,MX-NLE,2005,885438.787
 Nuevo Leon,MX-NLE,2006,946837.916
 Nuevo Leon,MX-NLE,2007,1004636.521
 Nuevo Leon,MX-NLE,2008,1020366.768
 Nuevo Leon,MX-NLE,2009,952725.778
 Nuevo Leon,MX-NLE,2010,1025184.258
 Nuevo Leon,MX-NLE,2011,1069812.268
 Nuevo Leon,MX-NLE,2012,1113817.766
 Nuevo Leon,MX-NLE,2013,1124999.893
 Nuevo Leon,MX-NLE,2014,1161168.669
 Nuevo Leon,MX-NLE,2015,1228082.513
 Nuevo Leon,MX-NLE,2016,1257648.421
 Nuevo Leon,MX-NLE,2017,1306549.097
 Nuevo Leon,MX-NLE,2018,1353169.991
 Nuevo Leon,MX-NLE,2019,1373350.63
 Nuevo Leon,MX-NLE,2020,1258572.223
 Oaxaca,MX-OAX,1980,139873.636
 Oaxaca,MX-OAX,1981,148792.319
 Oaxaca,MX-OAX,1982,149098.544
 Oaxaca,MX-OAX,1983,145958.282
 Oaxaca,MX-OAX,1984,149547.695
 Oaxaca,MX-OAX,1985,151914.204
 Oaxaca,MX-OAX,1986,149121.114
 Oaxaca,MX-OAX,1987,151544.003
 Oaxaca,MX-OAX,1988,152896.542
 Oaxaca,MX-OAX,1989,156534.122
 Oaxaca,MX-OAX,1990,162675.298
 Oaxaca,MX-OAX,1991,167527.989
 Oaxaca,MX-OAX,1992,171905.747
 Oaxaca,MX-OAX,1993,175814.831
 Oaxaca,MX-OAX,1994,189696.706
 Oaxaca,MX-OAX,1995,173883.884
 Oaxaca,MX-OAX,1996,180582.64
 Oaxaca,MX-OAX,1997,184085.703
 Oaxaca,MX-OAX,1998,188679.539
 Oaxaca,MX-OAX,1999,193874.658
 Oaxaca,MX-OAX,2000,200660.573
 Oaxaca,MX-OAX,2001,201968.347
 Oaxaca,MX-OAX,2002,202435.632
 Oaxaca,MX-OAX,2003,202963.936
 Oaxaca,MX-OAX,2004,210757.192
 Oaxaca,MX-OAX,2005,213677.217
 Oaxaca,MX-OAX,2006,218023.575
 Oaxaca,MX-OAX,2007,219815.363
 Oaxaca,MX-OAX,2008,226633.787
 Oaxaca,MX-OAX,2009,224510.705
 Oaxaca,MX-OAX,2010,228089.144
 Oaxaca,MX-OAX,2011,234955.838
 Oaxaca,MX-OAX,2012,239680.171
 Oaxaca,MX-OAX,2013,245515.976
 Oaxaca,MX-OAX,2014,250239.106
 Oaxaca,MX-OAX,2015,260612.907
 Oaxaca,MX-OAX,2016,256580.339
 Oaxaca,MX-OAX,2017,250518.62
 Oaxaca,MX-OAX,2018,260740.417
 Oaxaca,MX-OAX,2019,252896.579
 Oaxaca,MX-OAX,2020,238153.13
 Puebla,MX-PUE,1980,212517.275
 Puebla,MX-PUE,1981,231428.648
 Puebla,MX-PUE,1982,231617.036
 Puebla,MX-PUE,1983,220757.676
 Puebla,MX-PUE,1984,228979.795
 Puebla,MX-PUE,1985,235084.893
 Puebla,MX-PUE,1986,227190.53
 Puebla,MX-PUE,1987,233572.129
 Puebla,MX-PUE,1988,237804.798
 Puebla,MX-PUE,1989,246392.092
 Puebla,MX-PUE,1990,258674.688
 Puebla,MX-PUE,1991,265913.098
 Puebla,MX-PUE,1992,272619.198
 Puebla,MX-PUE,1993,279617.549
 Puebla,MX-PUE,1994,294136.914
 Puebla,MX-PUE,1995,269044.699
 Puebla,MX-PUE,1996,294957.013
 Puebla,MX-PUE,1997,320869.124
 Puebla,MX-PUE,1998,346669.894
 Puebla,MX-PUE,1999,374452.804
 Puebla,MX-PUE,2000,387659.658
 Puebla,MX-PUE,2001,393378.558
 Puebla,MX-PUE,2002,386066.756
 Puebla,MX-PUE,2003,395907.258
 Puebla,MX-PUE,2004,405907.943
 Puebla,MX-PUE,2005,428179.294
 Puebla,MX-PUE,2006,447201.403
 Puebla,MX-PUE,2007,465818.722
 Puebla,MX-PUE,2008,468969.471
 Puebla,MX-PUE,2009,432578.676
 Puebla,MX-PUE,2010,469967.84
 Puebla,MX-PUE,2011,493353.224
 Puebla,MX-PUE,2012,524226.058
 Puebla,MX-PUE,2013,519256.535
 Puebla,MX-PUE,2014,526200.669
 Puebla,MX-PUE,2015,540604.128
 Puebla,MX-PUE,2016,555309.088
 Puebla,MX-PUE,2017,589080.273
 Puebla,MX-PUE,2018,603843.688
 Puebla,MX-PUE,2019,595458.306
 Puebla,MX-PUE,2020,530460.058
 Queretaro,MX-QUE,1980,99632.046
 Queretaro,MX-QUE,1981,111991.12
 Queretaro,MX-QUE,1982,111694.868
 Queretaro,MX-QUE,1983,103658.274
 Queretaro,MX-QUE,1984,108566.695
 Queretaro,MX-QUE,1985,111798.755
 Queretaro,MX-QUE,1986,105476.183
 Queretaro,MX-QUE,1987,108649.224
 Queretaro,MX-QUE,1988,110537.731
 Queretaro,MX-QUE,1989,115676.399
 Queretaro,MX-QUE,1990,123821.206
 Queretaro,MX-QUE,1991,130464.03
 Queretaro,MX-QUE,1992,138542.851
 Queretaro,MX-QUE,1993,144989.578
 Queretaro,MX-QUE,1994,155797.176
 Queretaro,MX-QUE,1995,146113.687
 Queretaro,MX-QUE,1996,161164.075
 Queretaro,MX-QUE,1997,180672.696
 Queretaro,MX-QUE,1998,198181.505
 Queretaro,MX-QUE,1999,204774.075
 Queretaro,MX-QUE,2000,213806.309
 Queretaro,MX-QUE,2001,212920.049
 Queretaro,MX-QUE,2002,211977.015
 Queretaro,MX-QUE,2003,212106.713
 Queretaro,MX-QUE,2004,227917.275
 Queretaro,MX-QUE,2005,243311.19
 Queretaro,MX-QUE,2006,258448.271
 Queretaro,MX-QUE,2007,271622.051
 Queretaro,MX-QUE,2008,278348.405
 Queretaro,MX-QUE,2009,270311.398
 Queretaro,MX-QUE,2010,287403.169
 Queretaro,MX-QUE,2011,308865.228
 Queretaro,MX-QUE,2012,318294.372
 Queretaro,MX-QUE,2013,319989.728
 Queretaro,MX-QUE,2014,342666.454
 Queretaro,MX-QUE,2015,362418.911
 Queretaro,MX-QUE,2016,377947.864
 Queretaro,MX-QUE,2017,395109.808
 Queretaro,MX-QUE,2018,406744.73
 Queretaro,MX-QUE,2019,403368.559
 Queretaro,MX-QUE,2020,366872.277
 Quintana Roo,MX-ROO,1980,66743.109
 Quintana Roo,MX-ROO,1981,72711.611
 Quintana Roo,MX-ROO,1982,72306.231
 Quintana Roo,MX-ROO,1983,69600.571
 Quintana Roo,MX-ROO,1984,71865.703
 Quintana Roo,MX-ROO,1985,72839.614
 Quintana Roo,MX-ROO,1986,70962.035
 Quintana Roo,MX-ROO,1987,72840.807
 Quintana Roo,MX-ROO,1988,74748.442
 Quintana Roo,MX-ROO,1989,78704.239
 Quintana Roo,MX-ROO,1990,83809.29
 Quintana Roo,MX-ROO,1991,88937.081
 Quintana Roo,MX-ROO,1992,94163.314
 Quintana Roo,MX-ROO,1993,98973.809
 Quintana Roo,MX-ROO,1994,102795.432
 Quintana Roo,MX-ROO,1995,98446.759
 Quintana Roo,MX-ROO,1996,107832.47
 Quintana Roo,MX-ROO,1997,118424.158
 Quintana Roo,MX-ROO,1998,127273.467
 Quintana Roo,MX-ROO,1999,127122.692
 Quintana Roo,MX-ROO,2000,132052.64
 Quintana Roo,MX-ROO,2001,138808.533
 Quintana Roo,MX-ROO,2002,138511.957
 Quintana Roo,MX-ROO,2003,144233.02
 Quintana Roo,MX-ROO,2004,156941.599
 Quintana Roo,MX-ROO,2005,163681.664
 Quintana Roo,MX-ROO,2006,174364.522
 Quintana Roo,MX-ROO,2007,192904.582
 Quintana Roo,MX-ROO,2008,203018.581
 Quintana Roo,MX-ROO,2009,185671.746
 Quintana Roo,MX-ROO,2010,195148.828
 Quintana Roo,MX-ROO,2011,206053.849
 Quintana Roo,MX-ROO,2012,215709.871
 Quintana Roo,MX-ROO,2013,225272.667
 Quintana Roo,MX-ROO,2014,233252.369
 Quintana Roo,MX-ROO,2015,244081.496
 Quintana Roo,MX-ROO,2016,261497.598
 Quintana Roo,MX-ROO,2017,272211.726
 Quintana Roo,MX-ROO,2018,286533.451
 Quintana Roo,MX-ROO,2019,290611.76
 Quintana Roo,MX-ROO,2020,220550.379
 San Luis Potosi,MX-SLP,1980,128925.727
 San Luis Potosi,MX-SLP,1981,141415.626
 San Luis Potosi,MX-SLP,1982,140984.461
 San Luis Potosi,MX-SLP,1983,133967.308
 San Luis Potosi,MX-SLP,1984,138617.202
 San Luis Potosi,MX-SLP,1985,141215.576
 San Luis Potosi,MX-SLP,1986,135400.478
 San Luis Potosi,MX-SLP,1987,138376.24
 San Luis Potosi,MX-SLP,1988,140315.132
 San Luis Potosi,MX-SLP,1989,145901.189
 San Luis Potosi,MX-SLP,1990,154325.366
 San Luis Potosi,MX-SLP,1991,161068.506
 San Luis Potosi,MX-SLP,1992,166945.209
 San Luis Potosi,MX-SLP,1993,172437.262
 San Luis Potosi,MX-SLP,1994,184720.675
 San Luis Potosi,MX-SLP,1995,165745.098
 San Luis Potosi,MX-SLP,1996,178316.552
 San Luis Potosi,MX-SLP,1997,189892.922
 San Luis Potosi,MX-SLP,1998,200417.267
 San Luis Potosi,MX-SLP,1999,205890.044
 San Luis Potosi,MX-SLP,2000,216125.564
 San Luis Potosi,MX-SLP,2001,214292.424
 San Luis Potosi,MX-SLP,2002,214907.08
 San Luis Potosi,MX-SLP,2003,224280.267
 San Luis Potosi,MX-SLP,2004,237464.465
 San Luis Potosi,MX-SLP,2005,247240.388
 San Luis Potosi,MX-SLP,2006,258649.446
 San Luis Potosi,MX-SLP,2007,264315.631
 San Luis Potosi,MX-SLP,2008,270024.005
 San Luis Potosi,MX-SLP,2009,255845.961
 San Luis Potosi,MX-SLP,2010,269397.22
 San Luis Potosi,MX-SLP,2011,283881.746
 San Luis Potosi,MX-SLP,2012,297293.962
 San Luis Potosi,MX-SLP,2013,307896.47
 San Luis Potosi,MX-SLP,2014,316716.343
 San Luis Potosi,MX-SLP,2015,329359.358
 San Luis Potosi,MX-SLP,2016,342065.043
 San Luis Potosi,MX-SLP,2017,354677.904
 San Luis Potosi,MX-SLP,2018,369840.94
 San Luis Potosi,MX-SLP,2019,368672.808
 San Luis Potosi,MX-SLP,2020,340576.121
 Sinaloa,MX-SIN,1980,184694.565
 Sinaloa,MX-SIN,1981,200605.869
 Sinaloa,MX-SIN,1982,200500.107
 Sinaloa,MX-SIN,1983,194538.736
 Sinaloa,MX-SIN,1984,200554.634
 Sinaloa,MX-SIN,1985,204971.121
 Sinaloa,MX-SIN,1986,199050.105
 Sinaloa,MX-SIN,1987,203337.661
 Sinaloa,MX-SIN,1988,205035.204
 Sinaloa,MX-SIN,1989,211145.162
 Sinaloa,MX-SIN,1990,223018.376
 Sinaloa,MX-SIN,1991,231353.213
 Sinaloa,MX-SIN,1992,236512.691
 Sinaloa,MX-SIN,1993,243240.785
 Sinaloa,MX-SIN,1994,249242.414
 Sinaloa,MX-SIN,1995,236299.976
 Sinaloa,MX-SIN,1996,241122.48
 Sinaloa,MX-SIN,1997,247006.776
 Sinaloa,MX-SIN,1998,256351.875
 Sinaloa,MX-SIN,1999,263681.824
 Sinaloa,MX-SIN,2000,282724.646
 Sinaloa,MX-SIN,2001,276543.929
 Sinaloa,MX-SIN,2002,267364.693
 Sinaloa,MX-SIN,2003,268247.066
 Sinaloa,MX-SIN,2004,284658.629
 Sinaloa,MX-SIN,2005,285708.482
 Sinaloa,MX-SIN,2006,294951.695
 Sinaloa,MX-SIN,2007,305622.537
 Sinaloa,MX-SIN,2008,316380.798
 Sinaloa,MX-SIN,2009,303066.175
 Sinaloa,MX-SIN,2010,312655.113
 Sinaloa,MX-SIN,2011,318762.638
 Sinaloa,MX-SIN,2012,330191.387
 Sinaloa,MX-SIN,2013,334097.307
 Sinaloa,MX-SIN,2014,340077.857
 Sinaloa,MX-SIN,2015,358848.314
 Sinaloa,MX-SIN,2016,376438.398
 Sinaloa,MX-SIN,2017,380987.655
 Sinaloa,MX-SIN,2018,390894.97
 Sinaloa,MX-SIN,2019,398162.683
 Sinaloa,MX-SIN,2020,370202.628
 Sonora,MX-SON,1980,221500.467
 Sonora,MX-SON,1981,245893.637
 Sonora,MX-SON,1982,244165.605
 Sonora,MX-SON,1983,227462.57
 Sonora,MX-SON,1984,236403.169
 Sonora,MX-SON,1985,242828.733
 Sonora,MX-SON,1986,228241.708
 Sonora,MX-SON,1987,233792.152
 Sonora,MX-SON,1988,235394.758
 Sonora,MX-SON,1989,243762.016
 Sonora,MX-SON,1990,260798.505
 Sonora,MX-SON,1991,272610.301
 Sonora,MX-SON,1992,286551.069
 Sonora,MX-SON,1993,294343.952
 Sonora,MX-SON,1994,320743.844
 Sonora,MX-SON,1995,304399.502
 Sonora,MX-SON,1996,318748.724
 Sonora,MX-SON,1997,351715.557
 Sonora,MX-SON,1998,375189.622
 Sonora,MX-SON,1999,389003.503
 Sonora,MX-SON,2000,421682.693
 Sonora,MX-SON,2001,407775.04
 Sonora,MX-SON,2002,376131.733
 Sonora,MX-SON,2003,365533.727
 Sonora,MX-SON,2004,384484.325
 Sonora,MX-SON,2005,404881.254
 Sonora,MX-SON,2006,429625.189
 Sonora,MX-SON,2007,435397.343
 Sonora,MX-SON,2008,436717.189
 Sonora,MX-SON,2009,410374.271
 Sonora,MX-SON,2010,431501.919
 Sonora,MX-SON,2011,471510.171
 Sonora,MX-SON,2012,495926.031
 Sonora,MX-SON,2013,510315.674
 Sonora,MX-SON,2014,522896.949
 Sonora,MX-SON,2015,549606.823
 Sonora,MX-SON,2016,578945.379
 Sonora,MX-SON,2017,575986.463
 Sonora,MX-SON,2018,581413.804
 Sonora,MX-SON,2019,580759.016
 Sonora,MX-SON,2020,549564.663
 Tabasco,MX-TAB,1980,260401.114
 Tabasco,MX-TAB,1981,283903.456
 Tabasco,MX-TAB,1982,284156.587
 Tabasco,MX-TAB,1983,270729.477
 Tabasco,MX-TAB,1984,281155.5
 Tabasco,MX-TAB,1985,288891.072
 Tabasco,MX-TAB,1986,281594.481
 Tabasco,MX-TAB,1987,290266.005
 Tabasco,MX-TAB,1988,297533.658
 Tabasco,MX-TAB,1989,309911.699
 Tabasco,MX-TAB,1990,326245.945
 Tabasco,MX-TAB,1991,339938.636
 Tabasco,MX-TAB,1992,352529.132
 Tabasco,MX-TAB,1993,364000.636
 Tabasco,MX-TAB,1994,365675.134
 Tabasco,MX-TAB,1995,360899.364
 Tabasco,MX-TAB,1996,392397.206
 Tabasco,MX-TAB,1997,403061.685
 Tabasco,MX-TAB,1998,417344.87
 Tabasco,MX-TAB,1999,411433.725
 Tabasco,MX-TAB,2000,409384.762
 Tabasco,MX-TAB,2001,397437.807
 Tabasco,MX-TAB,2002,374453.371
 Tabasco,MX-TAB,2003,374891.404
 Tabasco,MX-TAB,2004,391243.029
 Tabasco,MX-TAB,2005,421079.732
 Tabasco,MX-TAB,2006,445309.616
 Tabasco,MX-TAB,2007,454079.113
 Tabasco,MX-TAB,2008,475202.827
 Tabasco,MX-TAB,2009,495944.159
 Tabasco,MX-TAB,2010,525011.917
 Tabasco,MX-TAB,2011,549751.131
 Tabasco,MX-TAB,2012,564003.811
 Tabasco,MX-TAB,2013,553628.205
 Tabasco,MX-TAB,2014,564794.238
 Tabasco,MX-TAB,2015,562212.305
 Tabasco,MX-TAB,2016,534685.495
 Tabasco,MX-TAB,2017,509388.361
 Tabasco,MX-TAB,2018,467226.446
 Tabasco,MX-TAB,2019,448890.121
 Tabasco,MX-TAB,2020,464512.613
 Tamaulipas,MX-TAM,1980,202148.879
 Tamaulipas,MX-TAM,1981,221052.973
 Tamaulipas,MX-TAM,1982,221369.064
 Tamaulipas,MX-TAM,1983,210483.546
 Tamaulipas,MX-TAM,1984,219047.45
 Tamaulipas,MX-TAM,1985,225716.152
 Tamaulipas,MX-TAM,1986,217158.391
 Tamaulipas,MX-TAM,1987,223405.466
 Tamaulipas,MX-TAM,1988,226770.703
 Tamaulipas,MX-TAM,1989,234558.243
 Tamaulipas,MX-TAM,1990,247200.298
 Tamaulipas,MX-TAM,1991,254454.638
 Tamaulipas,MX-TAM,1992,261905.025
 Tamaulipas,MX-TAM,1993,265972.07
 Tamaulipas,MX-TAM,1994,285145.728
 Tamaulipas,MX-TAM,1995,265067.246
 Tamaulipas,MX-TAM,1996,288134.319
 Tamaulipas,MX-TAM,1997,308451.313
 Tamaulipas,MX-TAM,1998,337995.713
 Tamaulipas,MX-TAM,1999,360018.466
 Tamaulipas,MX-TAM,2000,379569.363
 Tamaulipas,MX-TAM,2001,361511.309
 Tamaulipas,MX-TAM,2002,375490.518
 Tamaulipas,MX-TAM,2003,391574.439
 Tamaulipas,MX-TAM,2004,410112.746
 Tamaulipas,MX-TAM,2005,436490.981
 Tamaulipas,MX-TAM,2006,449609.24
 Tamaulipas,MX-TAM,2007,464007.812
 Tamaulipas,MX-TAM,2008,483350.662
 Tamaulipas,MX-TAM,2009,439739.323
 Tamaulipas,MX-TAM,2010,448215.116
 Tamaulipas,MX-TAM,2011,456768.535
 Tamaulipas,MX-TAM,2012,466371.322
 Tamaulipas,MX-TAM,2013,473241.401
 Tamaulipas,MX-TAM,2014,477891.309
 Tamaulipas,MX-TAM,2015,492586.952
 Tamaulipas,MX-TAM,2016,500458.048
 Tamaulipas,MX-TAM,2017,498369.426
 Tamaulipas,MX-TAM,2018,508491.928
 Tamaulipas,MX-TAM,2019,517422.426
 Tamaulipas,MX-TAM,2020,473593.124
 Tlaxcala,MX-TLA,1980,48014.674
 Tlaxcala,MX-TLA,1981,52400.613
 Tlaxcala,MX-TLA,1982,52438.251
 Tlaxcala,MX-TLA,1983,50152.905
 Tlaxcala,MX-TLA,1984,51967.69
 Tlaxcala,MX-TLA,1985,53215.919
 Tlaxcala,MX-TLA,1986,51541.456
 Tlaxcala,MX-TLA,1987,52747.01
 Tlaxcala,MX-TLA,1988,53498.337
 Tlaxcala,MX-TLA,1989,55287.103
 Tlaxcala,MX-TLA,1990,58147.663
 Tlaxcala,MX-TLA,1991,60743.993
 Tlaxcala,MX-TLA,1992,63371.953
 Tlaxcala,MX-TLA,1993,64426.391
 Tlaxcala,MX-TLA,1994,66648.219
 Tlaxcala,MX-TLA,1995,62646.66
 Tlaxcala,MX-TLA,1996,68466.659
 Tlaxcala,MX-TLA,1997,75028.603
 Tlaxcala,MX-TLA,1998,75936.846
 Tlaxcala,MX-TLA,1999,81438.956
 Tlaxcala,MX-TLA,2000,84470.633
 Tlaxcala,MX-TLA,2001,87301.192
 Tlaxcala,MX-TLA,2002,84518.04
 Tlaxcala,MX-TLA,2003,83254.186
 Tlaxcala,MX-TLA,2004,89789.73
 Tlaxcala,MX-TLA,2005,79279.279
 Tlaxcala,MX-TLA,2006,77889.934
 Tlaxcala,MX-TLA,2007,79019.573
 Tlaxcala,MX-TLA,2008,83246.79
 Tlaxcala,MX-TLA,2009,81739.53
 Tlaxcala,MX-TLA,2010,88809.886
 Tlaxcala,MX-TLA,2011,86031.739
 Tlaxcala,MX-TLA,2012,89918.601
 Tlaxcala,MX-TLA,2013,87657.644
 Tlaxcala,MX-TLA,2014,90362.518
 Tlaxcala,MX-TLA,2015,96458.62
 Tlaxcala,MX-TLA,2016,96859.667
 Tlaxcala,MX-TLA,2017,95585.227
 Tlaxcala,MX-TLA,2018,98881.599
 Tlaxcala,MX-TLA,2019,103566.865
 Tlaxcala,MX-TLA,2020,91004.963
 Veracruz,MX-VER,1980,411742.585
 Veracruz,MX-VER,1981,442572.805
 Veracruz,MX-VER,1982,444623.143
 Veracruz,MX-VER,1983,434154.35
 Veracruz,MX-VER,1984,447494.32
 Veracruz,MX-VER,1985,456578.073
 Veracruz,MX-VER,1986,448836.665
 Veracruz,MX-VER,1987,458544.085
 Veracruz,MX-VER,1988,465543.898
 Veracruz,MX-VER,1989,480047.163
 Veracruz,MX-VER,1990,501400.217
 Veracruz,MX-VER,1991,519830.748
 Veracruz,MX-VER,1992,535733.762
 Veracruz,MX-VER,1993,547798.588
 Veracruz,MX-VER,1994,580628.682
 Veracruz,MX-VER,1995,563393.427
 Veracruz,MX-VER,1996,585546.211
 Veracruz,MX-VER,1997,603388.826
 Veracruz,MX-VER,1998,623931.966
 Veracruz,MX-VER,1999,613825.678
 Veracruz,MX-VER,2000,617345.854
 Veracruz,MX-VER,2001,605429.892
 Veracruz,MX-VER,2002,602163.463
 Veracruz,MX-VER,2003,613590.201
 Veracruz,MX-VER,2004,643859.491
 Veracruz,MX-VER,2005,648906.398
 Veracruz,MX-VER,2006,684557.368
 Veracruz,MX-VER,2007,705608.578
 Veracruz,MX-VER,2008,704314.03
 Veracruz,MX-VER,2009,688981.395
 Veracruz,MX-VER,2010,718148.55
 Veracruz,MX-VER,2011,746817.731
 Veracruz,MX-VER,2012,779730.434
 Veracruz,MX-VER,2013,781357.276
 Veracruz,MX-VER,2014,780785.356
 Veracruz,MX-VER,2015,785745.931
 Veracruz,MX-VER,2016,784930.108
 Veracruz,MX-VER,2017,776072.856
 Veracruz,MX-VER,2018,794018.647
 Veracruz,MX-VER,2019,801624.782
 Veracruz,MX-VER,2020,737040.168
 Yucatan,MX-YUC,1980,87934.565
 Yucatan,MX-YUC,1981,95449.569
 Yucatan,MX-YUC,1982,95772.004
 Yucatan,MX-YUC,1983,92941.08
 Yucatan,MX-YUC,1984,96022.62
 Yucatan,MX-YUC,1985,97940.726
 Yucatan,MX-YUC,1986,95553.677
 Yucatan,MX-YUC,1987,97635.024
 Yucatan,MX-YUC,1988,99038.933
 Yucatan,MX-YUC,1989,102418.83
 Yucatan,MX-YUC,1990,107448.34
 Yucatan,MX-YUC,1991,111614.691
 Yucatan,MX-YUC,1992,115190.89
 Yucatan,MX-YUC,1993,119713.936
 Yucatan,MX-YUC,1994,127858.8
 Yucatan,MX-YUC,1995,119697.961
 Yucatan,MX-YUC,1996,126563.704
 Yucatan,MX-YUC,1997,133911.571
 Yucatan,MX-YUC,1998,142108.839
 Yucatan,MX-YUC,1999,147533.592
 Yucatan,MX-YUC,2000,158132.945
 Yucatan,MX-YUC,2001,160886.253
 Yucatan,MX-YUC,2002,159571.753
 Yucatan,MX-YUC,2003,161636.497
 Yucatan,MX-YUC,2004,169013.747
 Yucatan,MX-YUC,2005,176907.681
 Yucatan,MX-YUC,2006,185462.602
 Yucatan,MX-YUC,2007,191217.075
 Yucatan,MX-YUC,2008,193158.623
 Yucatan,MX-YUC,2009,189365.458
 Yucatan,MX-YUC,2010,196149.981
 Yucatan,MX-YUC,2011,202893.85
 Yucatan,MX-YUC,2012,214700.599
 Yucatan,MX-YUC,2013,215788.237
 Yucatan,MX-YUC,2014,223858.768
 Yucatan,MX-YUC,2015,230374.526
 Yucatan,MX-YUC,2016,242505.306
 Yucatan,MX-YUC,2017,252391.124
 Yucatan,MX-YUC,2018,261283.809
 Yucatan,MX-YUC,2019,263372.187
 Yucatan,MX-YUC,2020,243120.969
 Zacatecas,MX-ZAC,1980,52903.602
 Zacatecas,MX-ZAC,1981,56625.33
 Zacatecas,MX-ZAC,1982,57223.942
 Zacatecas,MX-ZAC,1983,56881.979
 Zacatecas,MX-ZAC,1984,58713.776
 Zacatecas,MX-ZAC,1985,60179.363
 Zacatecas,MX-ZAC,1986,59892.859
 Zacatecas,MX-ZAC,1987,61457.533
 Zacatecas,MX-ZAC,1988,62688.035
 Zacatecas,MX-ZAC,1989,64913.912
 Zacatecas,MX-ZAC,1990,68219.296
 Zacatecas,MX-ZAC,1991,71392.918
 Zacatecas,MX-ZAC,1992,74863.619
 Zacatecas,MX-ZAC,1993,77488.535
 Zacatecas,MX-ZAC,1994,80413.207
 Zacatecas,MX-ZAC,1995,81493.113
 Zacatecas,MX-ZAC,1996,80925.45
 Zacatecas,MX-ZAC,1997,83720.472
 Zacatecas,MX-ZAC,1998,90020.358
 Zacatecas,MX-ZAC,1999,88345.985
 Zacatecas,MX-ZAC,2000,87995.598
 Zacatecas,MX-ZAC,2001,91169.187
 Zacatecas,MX-ZAC,2002,98038.536
 Zacatecas,MX-ZAC,2003,101406.31
 Zacatecas,MX-ZAC,2004,105664.685
 Zacatecas,MX-ZAC,2005,105661.441
 Zacatecas,MX-ZAC,2006,112108.368
 Zacatecas,MX-ZAC,2007,115935.139
 Zacatecas,MX-ZAC,2008,126383.577
 Zacatecas,MX-ZAC,2009,130512
 Zacatecas,MX-ZAC,2010,144730.56
 Zacatecas,MX-ZAC,2011,144876.886
 Zacatecas,MX-ZAC,2012,148728.64
 Zacatecas,MX-ZAC,2013,146858.788
 Zacatecas,MX-ZAC,2014,156808.457
 Zacatecas,MX-ZAC,2015,159905.359
 Zacatecas,MX-ZAC,2016,157998.056
 Zacatecas,MX-ZAC,2017,157621.131
 Zacatecas,MX-ZAC,2018,157631.239
 Zacatecas,MX-ZAC,2019,151905.742
 Zacatecas,MX-ZAC,2020,145571.953
